group,sample_size,conversions,conversion_rate
control,145274,17489,0.1203863045004612
treatment,145310,17872,0.12299222352212512
